order_id,order_date,customer_id,product_category,Age,Gender,quantity,unit_price,revenue
10001,01-01-2022,1102,Beauty,18,Male,7,373.65,1883.2
10002,01-02-2022,1435,Clothing,22,Male,7,47.74,304.1
10003,01-03-2022,1860,Beauty,54,Female,3,311.28,644.35
10004,01-04-2022,1270,Electronics,23,Male,5,524.47,2569.9
10005,01-05-2022,1106,Clothing,56,Female,5,139.87,468.56
10006,01-06-2022,1071,Electronics,64,Male,2,264.44,423.1
10007,01-07-2022,1700,Clothing,27,Male,6,564.6,2608.45
10008,01-08-2022,1020,Beauty,18,Female,6,265.71,1387.01
10009,01-09-2022,1614,Clothing,22,Female,6,224.65,983.97
10010,01-10-2022,1121,Clothing,29,Male,4,272.71,1025.39
10011,01-11-2022,1466,Clothing,49,Female,6,318.88,1875.01
10012,01-12-2022,1214,Electronics,67,Female,3,384.71,992.55
10013,1/13/2022,1330,Beauty,41,Female,7,483.41,2368.71
10014,1/14/2022,1458,Clothing,60,Male,7,279.48,1447.71
10015,1/15/2022,1087,Clothing,66,Male,4,493.23,1617.79
10016,1/16/2022,1372,Clothing,36,Female,2,327.23,523.57
10017,1/17/2022,1099,Clothing,57,Male,3,213.01,607.08
10018,1/18/2022,1871,Electronics,30,Male,7,399.9,1987.5
10019,1/19/2022,1663,Home,32,Female,3,434.87,939.32
10020,1/20/2022,1130,Electronics,59,Female,7,341.46,1840.47
10021,1/21/2022,1661,Home,67,Female,1,48.12,40.42
10022,1/22/2022,1308,Home,37,Female,2,114.38,150.98
10023,1/23/2022,1769,Home,56,Male,2,181.9,251.02
10024,1/24/2022,1343,Clothing,52,Female,1,180.34,138.86
10025,1/25/2022,1491,Clothing,58,Male,4,408.95,1423.15
10026,1/26/2022,1413,Electronics,57,Female,7,25.73,140.49
10027,1/27/2022,1805,Home,59,Male,7,457.07,2559.59
10028,1/28/2022,1385,Electronics,25,Female,7,170.23,1024.78
10029,1/29/2022,1191,Clothing,31,Female,6,196.36,1048.56
10030,1/30/2022,1955,Electronics,28,Male,6,323.83,1670.96
10031,1/31/2022,1276,Electronics,57,Female,6,141.32,678.34
10032,02-01-2022,1160,Clothing,55,Female,6,532.42,2715.34
10033,02-02-2022,1459,Electronics,53,Female,6,64.94,354.57
10034,02-03-2022,1313,Home,58,Female,1,274.96,200.72
10035,02-04-2022,1021,Electronics,35,Female,2,511.91,829.29
10036,02-05-2022,1252,Electronics,41,Male,4,375.27,1471.06
10037,02-06-2022,1747,Clothing,64,Female,3,186.01,485.49
10038,02-07-2022,1856,Electronics,26,Male,6,261.14,1081.12
10039,02-08-2022,1560,Electronics,43,Female,1,428.42,317.03
10040,02-09-2022,1474,Home,61,Female,7,584.36,3640.56
10041,02-10-2022,1058,Electronics,58,Male,4,537.49,1440.47
10042,02-11-2022,1510,Home,61,Male,4,215.32,835.44
10043,02-12-2022,1681,Electronics,19,Male,4,598.95,1581.23
10044,2/13/2022,1475,Electronics,31,Male,1,17.05,15.52
10045,2/14/2022,1699,Home,38,Male,3,31.16,93.48
10046,2/15/2022,1975,Electronics,44,Male,6,496.95,2534.44
10047,2/16/2022,1782,Electronics,68,Male,4,131.69,458.28
10048,2/17/2022,1189,Clothing,44,Male,1,50.55,40.95
10049,2/18/2022,1957,Electronics,67,Female,7,153.73,774.8
10050,2/19/2022,1686,Home,23,Male,2,264.27,375.26
10051,2/20/2022,1957,Electronics,68,Male,7,442.38,2663.13
10052,2/21/2022,1562,Home,42,Female,1,380.24,323.2
10053,2/22/2022,1875,Beauty,51,Male,1,154.01,146.31
10054,2/23/2022,1566,Clothing,61,Female,1,309.41,303.22
10055,2/24/2022,1243,Beauty,46,Female,4,556.84,1737.34
10056,2/25/2022,1831,Clothing,49,Female,1,491.78,481.94
10057,2/26/2022,1504,Beauty,62,Male,2,204.07,302.02
10058,2/27/2022,1130,Electronics,54,Male,4,589.62,1910.37
10059,2/28/2022,1484,Home,67,Female,7,429.54,2796.31
10060,03-01-2022,1818,Clothing,52,Male,2,51.53,83.48
10061,03-02-2022,1646,Clothing,64,Male,5,35.57,167.18
10062,03-03-2022,1020,Clothing,33,Male,7,113.52,675.44
10063,03-04-2022,1840,Home,24,Female,1,440.8,317.38
10064,03-05-2022,1166,Electronics,36,Male,6,122.49,617.35
10065,03-06-2022,1273,Electronics,19,Male,6,314.22,1791.05
10066,03-07-2022,1387,Home,28,Male,4,69.56,208.68
10067,03-08-2022,1600,Home,45,Female,6,553.72,3089.76
10068,03-09-2022,1315,Beauty,61,Female,7,216.22,1120.02
10069,03-10-2022,1013,Home,41,Male,4,546.26,1813.58
10070,03-11-2022,1241,Beauty,21,Male,7,567.75,3338.37
10071,03-12-2022,1776,Home,50,Female,1,18.59,13.01
10072,3/13/2022,1345,Electronics,48,Male,3,286.52,644.67
10073,3/14/2022,1564,Electronics,50,Male,3,29.42,87.38
10074,3/15/2022,1897,Home,54,Female,2,546.59,983.86
10075,3/16/2022,1339,Clothing,64,Female,1,318.27,222.79
10076,3/17/2022,1091,Electronics,63,Male,6,58.84,349.51
10077,3/18/2022,1366,Clothing,47,Female,1,79.51,64.4
10078,3/19/2022,1955,Beauty,45,Male,5,239.35,897.56
10079,3/20/2022,1454,Clothing,33,Female,3,565.04,1322.19
10080,3/21/2022,1427,Clothing,64,Female,6,420.35,1841.13
10081,3/22/2022,1508,Clothing,59,Male,7,522.56,2743.44
10082,3/23/2022,1775,Electronics,40,Female,7,229.38,1220.3
10083,3/24/2022,1942,Clothing,56,Male,3,40.28,85.8
10084,3/25/2022,1034,Clothing,48,Male,1,584.98,450.43
10085,3/26/2022,1205,Electronics,51,Male,6,25.05,129.26
10086,3/27/2022,1080,Home,52,Female,2,569.38,945.17
10087,3/28/2022,1931,Clothing,46,Female,7,230.68,1211.07
10088,3/29/2022,1561,Home,52,Male,1,20.9,14.42
10089,3/30/2022,1871,Beauty,30,Female,2,418.16,752.69
10090,3/31/2022,1387,Electronics,61,Male,6,588.62,3107.91
10091,04-01-2022,1001,Home,63,Female,3,579.89,1165.58
10092,04-02-2022,1389,Clothing,55,Male,5,109.15,436.6
10093,04-03-2022,1565,Beauty,69,Female,4,121.03,455.07
10094,04-04-2022,1105,Electronics,18,Male,3,345.84,798.89
10095,04-05-2022,1771,Home,18,Male,2,387.82,504.17
10096,04-06-2022,1821,Clothing,42,Male,1,447.56,317.77
10097,04-07-2022,1476,Electronics,18,Male,7,120.91,626.31
10098,04-08-2022,1702,Electronics,61,Male,6,576.02,3214.19
10099,04-09-2022,1401,Home,26,Female,3,388.66,804.53
10100,04-10-2022,1729,Home,25,Male,7,510.52,2930.38
10101,04-11-2022,1555,Electronics,57,Female,7,330.94,1598.44
10102,04-12-2022,1161,Clothing,38,Male,5,257.35,1132.34
10103,4/13/2022,1201,Clothing,58,Female,6,586.65,3449.5
10104,4/14/2022,1957,Home,40,Female,2,355.54,590.2
10105,4/15/2022,1995,Electronics,62,Female,6,522.12,2850.78
10106,4/16/2022,1269,Beauty,58,Male,6,572.68,2577.06
10107,4/17/2022,1862,Electronics,63,Female,1,410.08,274.75
10108,4/18/2022,1815,Clothing,33,Male,4,336.13,1021.84
10109,4/19/2022,1270,Electronics,22,Female,7,17.05,82.35
10110,4/20/2022,1455,Electronics,33,Female,2,38.41,64.53
10111,4/21/2022,1461,Clothing,20,Female,1,132.5,96.72
10112,4/22/2022,1726,Electronics,25,Male,7,123.81,606.67
10113,4/23/2022,1251,Home,54,Male,4,164.03,492.09
10114,4/24/2022,1701,Electronics,37,Male,1,193.39,158.58
10115,4/25/2022,1295,Clothing,22,Female,4,225.64,704
10116,4/26/2022,1724,Electronics,65,Male,4,261.01,783.03
10117,4/27/2022,1719,Electronics,23,Female,4,72.84,265.14
10118,4/28/2022,1748,Electronics,58,Male,1,39.78,28.64
10119,4/29/2022,1337,Clothing,23,Male,6,409.26,1645.23
10120,4/30/2022,1878,Clothing,38,Female,4,329.34,1106.58
10121,05-01-2022,1052,Clothing,19,Male,6,274.82,1236.69
10122,05-02-2022,1791,Clothing,45,Male,7,386.15,2000.26
10123,05-03-2022,1921,Clothing,56,Female,7,499.19,2690.63
10124,05-04-2022,1216,Electronics,61,Male,2,265.2,429.62
10125,05-05-2022,1763,Clothing,18,Female,5,390.05,1345.67
10126,05-06-2022,1187,Beauty,29,Male,6,572.84,2887.11
10127,05-07-2022,1379,Clothing,50,Male,7,506.18,3472.39
10128,05-08-2022,1492,Home,38,Female,5,264.21,924.73
10129,05-09-2022,1040,Electronics,63,Male,4,392.16,1192.17
10130,05-10-2022,1156,Home,59,Female,5,118.59,415.06
10131,05-11-2022,1014,Home,36,Female,5,342.91,1628.82
10132,05-12-2022,1812,Clothing,47,Male,4,589.08,2332.76
10133,5/13/2022,1064,Beauty,32,Female,6,318.21,1279.2
10134,5/14/2022,1856,Electronics,33,Female,4,557.67,2119.15
10135,5/15/2022,1838,Electronics,41,Female,2,253.29,364.74
10136,5/16/2022,1520,Home,46,Male,3,599.32,1276.55
10137,5/17/2022,1343,Home,49,Female,1,353.84,265.38
10138,5/18/2022,1128,Electronics,54,Female,4,39.73,150.97
10139,5/19/2022,1647,Electronics,30,Male,4,358.25,1103.41
10140,5/20/2022,1471,Electronics,30,Male,5,175.63,605.92
10141,5/21/2022,1062,Electronics,37,Male,2,34,57.8
10142,5/22/2022,1138,Home,27,Female,7,495.2,2981.1
10143,5/23/2022,1498,Clothing,38,Female,7,176.3,1036.64
10144,5/24/2022,1592,Electronics,44,Male,5,480.98,2332.75
10145,5/25/2022,1391,Clothing,58,Male,6,183.61,760.15
10146,5/26/2022,1674,Electronics,25,Female,4,128.68,360.3
10147,5/27/2022,1418,Electronics,35,Male,4,584.75,1520.35
10148,5/28/2022,1288,Clothing,26,Male,5,226.56,906.24
10149,5/29/2022,1378,Beauty,63,Male,4,366.81,1085.76
10150,5/30/2022,1772,Home,39,Female,6,371.84,2074.87
10151,5/31/2022,1489,Electronics,29,Male,3,342.88,792.05
10152,06-01-2022,1230,Beauty,56,Male,1,550.1,423.58
10153,06-02-2022,1040,Home,27,Female,1,409.55,278.49
10154,06-03-2022,1027,Home,42,Female,1,251.18,178.34
10155,06-04-2022,1134,Clothing,51,Male,3,519.49,1044.17
10156,06-05-2022,1200,Clothing,27,Female,4,120.92,338.58
10157,06-06-2022,1839,Electronics,44,Female,5,333.38,1166.83
10158,06-07-2022,1779,Electronics,30,Male,7,571.07,3917.54
10159,06-08-2022,1929,Electronics,52,Female,2,380.86,533.2
10160,06-09-2022,1032,Electronics,68,Female,4,492.93,1557.66
10161,06-10-2022,1047,Clothing,58,Female,3,397.33,1037.03
10162,06-11-2022,1502,Home,56,Male,6,506.03,2975.46
10163,06-12-2022,1406,Clothing,59,Male,3,567.53,1293.97
10164,6/13/2022,1573,Electronics,21,Female,7,174.66,1088.13
10165,6/14/2022,1727,Beauty,42,Female,1,114.25,95.97
10166,6/15/2022,1804,Beauty,36,Female,4,298.13,906.32
10167,6/16/2022,1098,Home,25,Male,7,425.59,2025.81
10168,6/17/2022,1683,Beauty,41,Female,1,147.91,105.02
10169,6/18/2022,1871,Clothing,41,Male,2,17.4,29.23
10170,6/19/2022,1725,Beauty,47,Female,6,215.62,1112.6
10171,6/20/2022,1986,Electronics,66,Male,1,581.78,535.24
10172,6/21/2022,1546,Clothing,42,Female,2,421.56,733.51
10173,6/22/2022,1960,Electronics,53,Male,3,249.78,719.37
10174,6/23/2022,1738,Electronics,43,Male,1,127.66,84.26
10175,6/24/2022,1612,Electronics,46,Male,1,223.31,178.65
10176,6/25/2022,1942,Clothing,41,Male,5,114.36,548.93
10177,6/26/2022,1461,Home,23,Female,6,77.19,407.56
10178,6/27/2022,1642,Clothing,44,Male,6,545.44,2650.84
10179,6/28/2022,1768,Electronics,67,Female,7,598.63,3394.23
10180,6/29/2022,1004,Home,60,Female,3,111.01,329.7
10181,6/30/2022,1217,Clothing,26,Female,5,46.9,157.11
10182,07-01-2022,1502,Clothing,54,Female,7,207.89,1309.71
10183,07-02-2022,1766,Home,56,Female,2,285.07,564.44
10184,07-03-2022,1397,Electronics,32,Male,7,134.82,915.43
10185,07-04-2022,1870,Electronics,26,Male,2,191.33,306.13
10186,07-05-2022,1794,Beauty,27,Male,3,132.51,377.65
10187,07-06-2022,1392,Electronics,65,Female,6,467.94,2779.56
10188,07-07-2022,1206,Clothing,62,Male,2,431.86,751.44
10189,07-08-2022,1014,Beauty,21,Male,3,386.45,904.29
10190,07-09-2022,1857,Home,53,Male,7,241.52,1623.01
10191,07-10-2022,1553,Electronics,57,Female,2,546.79,973.29
10192,07-11-2022,1891,Electronics,66,Male,4,582.18,1979.41
10193,07-12-2022,1460,Electronics,26,Female,1,116.58,109.59
10194,7/13/2022,1690,Clothing,64,Female,7,145.46,834.94
10195,7/14/2022,1574,Clothing,64,Male,6,322.49,1876.89
10196,7/15/2022,1863,Electronics,42,Female,7,68.38,469.09
10197,7/16/2022,1742,Beauty,43,Male,4,270.32,886.65
10198,7/17/2022,1240,Clothing,51,Female,3,355.35,970.11
10199,7/18/2022,1563,Electronics,57,Female,3,320.41,932.39
10200,7/19/2022,1095,Clothing,55,Female,7,208.58,1241.05
10201,7/20/2022,1899,Home,57,Female,4,332.33,903.94
10202,7/21/2022,1733,Electronics,50,Female,7,575.9,3023.48
10203,7/22/2022,1484,Electronics,28,Male,1,135.52,96.22
10204,7/23/2022,1406,Home,36,Female,1,398.08,274.68
10205,7/24/2022,1230,Clothing,33,Female,5,40.39,133.29
10206,7/25/2022,1748,Clothing,65,Female,2,53.85,78.62
10207,7/26/2022,1654,Clothing,54,Male,5,337.82,1334.39
10208,7/27/2022,1170,Electronics,49,Male,1,76.39,66.46
10209,7/28/2022,1540,Electronics,64,Male,4,28.07,105.54
10210,7/29/2022,1035,Clothing,26,Male,2,115.34,175.32
10211,7/30/2022,1524,Electronics,35,Female,4,345.44,898.14
10212,7/31/2022,1159,Electronics,19,Female,5,426.45,1791.09
10213,08-01-2022,1838,Home,29,Male,3,133.45,300.26
10214,08-02-2022,1698,Beauty,68,Male,4,405.93,1347.69
10215,08-03-2022,1242,Home,30,Male,5,121.75,517.44
10216,08-04-2022,1085,Beauty,61,Female,5,373.87,1607.64
10217,08-05-2022,1795,Electronics,45,Female,5,256,1049.6
10218,08-06-2022,1577,Beauty,55,Female,3,397.47,1037.4
10219,08-07-2022,1681,Electronics,29,Male,3,597.11,1325.58
10220,08-08-2022,1556,Beauty,57,Male,7,563.62,2722.28
10221,08-09-2022,1573,Beauty,38,Male,3,17.5,36.22
10222,08-10-2022,1952,Home,58,Male,2,532.98,980.68
10223,08-11-2022,1645,Beauty,38,Female,3,53.9,111.57
10224,08-12-2022,1795,Clothing,32,Female,3,572.53,1511.48
10225,8/13/2022,1027,Electronics,55,Female,3,179.87,480.25
10226,8/14/2022,1619,Clothing,63,Male,4,238.49,715.47
10227,8/15/2022,1555,Clothing,59,Female,3,68.61,183.19
10228,8/16/2022,1339,Electronics,27,Male,2,80.68,158.13
10229,8/17/2022,1797,Clothing,51,Female,5,440.14,1914.61
10230,8/18/2022,1957,Beauty,29,Male,4,567.43,1702.29
10231,8/19/2022,1330,Electronics,66,Male,1,372.29,331.34
10232,8/20/2022,1639,Home,54,Male,3,433.77,1015.02
10233,8/21/2022,1505,Beauty,68,Male,7,460.75,2483.44
10234,8/22/2022,1347,Beauty,36,Female,7,168.75,874.12
10235,8/23/2022,1472,Beauty,29,Female,5,41.46,143.04
10236,8/24/2022,1230,Clothing,40,Female,5,16.1,68.42
10237,8/25/2022,1189,Beauty,48,Male,4,220.13,827.69
10238,8/26/2022,1224,Home,52,Female,7,156.26,973.5
10239,8/27/2022,1384,Electronics,69,Male,1,51.46,43.74
10240,8/28/2022,1376,Clothing,67,Male,6,120.02,540.09
10241,8/29/2022,1282,Home,59,Female,7,87.83,614.81
10242,8/30/2022,1957,Electronics,64,Female,7,550.2,3427.75
10243,8/31/2022,1632,Clothing,64,Male,2,97.06,141.71
10244,09-01-2022,1627,Home,62,Female,6,329.52,1522.38
10245,09-02-2022,1972,Electronics,52,Female,5,361.97,1339.29
10246,09-03-2022,1744,Clothing,41,Male,6,332.94,1438.3
10247,09-04-2022,1258,Home,53,Male,7,72.95,372.77
10248,09-05-2022,1358,Clothing,53,Male,5,201.5,765.7
10249,09-06-2022,1709,Electronics,68,Male,6,44.99,229.45
10250,09-07-2022,1455,Electronics,51,Male,5,246.47,813.35
10251,09-08-2022,1410,Clothing,66,Female,5,125.33,501.32
10252,09-09-2022,1648,Beauty,53,Male,4,343.56,1278.04
10253,09-10-2022,1317,Electronics,45,Female,1,420.29,378.26
10254,09-11-2022,1676,Clothing,49,Female,5,326.29,1239.9
10255,09-12-2022,1224,Electronics,69,Female,2,269.03,365.88
10256,9/13/2022,1818,Electronics,45,Male,7,241.59,1589.66
10257,9/14/2022,1233,Home,26,Male,7,507.39,3445.18
10258,9/15/2022,1683,Home,55,Male,2,143.33,197.8
10259,9/16/2022,1663,Electronics,33,Female,3,444.52,906.82
10260,9/17/2022,1974,Clothing,54,Male,5,458.13,2061.58
10261,9/18/2022,1826,Electronics,61,Female,5,260.23,1132
10262,9/19/2022,1373,Clothing,46,Male,5,188.92,727.34
10263,9/20/2022,1671,Home,46,Female,6,290.27,1532.63
10264,9/21/2022,1607,Electronics,30,Female,5,69.53,239.88
10265,9/22/2022,1471,Electronics,55,Male,5,41.87,200.98
10266,9/23/2022,1232,Clothing,37,Female,2,80.29,158.97
10267,9/24/2022,1691,Beauty,62,Female,1,124.48,115.77
10268,9/25/2022,1112,Beauty,55,Female,1,309.94,278.95
10269,9/26/2022,1829,Electronics,47,Male,3,511.74,1473.81
10270,9/27/2022,1496,Home,27,Male,2,152.85,299.59
10271,9/28/2022,1441,Clothing,44,Female,5,562.07,2079.66
10272,9/29/2022,1563,Clothing,36,Male,1,573.62,539.2
10273,9/30/2022,1267,Home,44,Female,4,575.96,1566.61
10274,10-01-2022,1509,Beauty,36,Female,4,504.97,1757.3
10275,10-02-2022,1806,Beauty,61,Male,4,227.84,701.75
10276,10-03-2022,1385,Clothing,69,Male,5,57.52,264.59
10277,10-04-2022,1386,Clothing,52,Female,5,347.76,1599.7
10278,10-05-2022,1112,Home,60,Female,3,341.83,820.39
10279,10-06-2022,1612,Electronics,45,Male,7,512.24,2868.54
10280,10-07-2022,1624,Clothing,52,Male,3,597.65,1308.85
10281,10-08-2022,1951,Clothing,63,Female,3,312.27,683.87
10282,10-09-2022,1080,Home,67,Female,6,216.94,1002.26
10283,10-10-2022,1698,Electronics,26,Male,4,123.75,415.8
10284,10-11-2022,1112,Electronics,41,Male,5,17.81,61.44
10285,10-12-2022,1001,Beauty,35,Female,4,312.83,976.03
10286,10/13/2022,1641,Electronics,58,Male,3,339.98,662.96
10287,10/14/2022,1219,Clothing,66,Male,5,497.59,1766.44
10288,10/15/2022,1565,Electronics,67,Female,2,310.18,607.95
10289,10/16/2022,1854,Electronics,35,Male,1,551.13,490.51
10290,10/17/2022,1996,Electronics,52,Male,1,382.43,305.94
10291,10/18/2022,1735,Electronics,32,Female,3,506.6,1139.85
10292,10/19/2022,1224,Beauty,33,Female,7,101.76,576.98
10293,10/20/2022,1384,Electronics,57,Male,4,515.37,1484.27
10294,10/21/2022,1402,Beauty,54,Female,2,409.96,737.93
10295,10/22/2022,1637,Clothing,49,Male,5,114.59,538.57
10296,10/23/2022,1129,Clothing,40,Female,7,126.01,864.43
10297,10/24/2022,1052,Clothing,67,Male,4,557,1782.4
10298,10/25/2022,1683,Clothing,41,Female,3,33.85,77.18
10299,10/26/2022,1729,Home,63,Male,4,285.58,1016.66
10300,10/27/2022,1671,Electronics,25,Male,3,198.38,470.16
10301,10/28/2022,1709,Clothing,50,Male,6,404.07,2375.93
10302,10/29/2022,1415,Beauty,68,Male,1,506.18,490.99
10303,10/30/2022,1246,Beauty,62,Male,7,225.82,1185.56
10304,10/31/2022,1835,Beauty,54,Male,1,264.74,230.32
10305,11-01-2022,1438,Clothing,43,Male,4,589.42,1815.41
10306,11-02-2022,1202,Home,60,Male,2,473.59,672.5
10307,11-03-2022,1183,Clothing,25,Male,5,539.86,1889.51
10308,11-04-2022,1122,Clothing,50,Male,3,271.68,766.14
10309,11-05-2022,1400,Electronics,32,Female,5,151.93,630.51
10310,11-06-2022,1766,Clothing,61,Male,1,255.94,189.4
10311,11-07-2022,1293,Electronics,65,Male,2,433.91,633.51
10312,11-08-2022,1279,Electronics,18,Female,2,79.02,115.37
10313,11-09-2022,1836,Beauty,21,Male,5,173.22,796.81
10314,11-10-2022,1883,Electronics,69,Male,1,42.28,39.32
10315,11-11-2022,1609,Electronics,66,Female,5,267.92,1058.28
10316,11-12-2022,1197,Electronics,41,Female,4,499.06,1477.22
10317,11/13/2022,1981,Beauty,67,Male,2,29.43,52.39
10318,11/14/2022,1906,Clothing,42,Female,2,410.06,787.32
10319,11/15/2022,1510,Clothing,50,Female,4,560.51,1681.53
10320,11/16/2022,1751,Home,68,Female,1,153.6,138.24
10321,11/17/2022,1143,Home,50,Female,2,420.78,791.07
10322,11/18/2022,1608,Electronics,35,Male,7,585.43,3893.11
10323,11/19/2022,1200,Home,44,Male,6,577.93,3086.15
10324,11/20/2022,1123,Home,37,Female,6,152.43,722.52
10325,11/21/2022,1186,Home,55,Female,6,73.69,384.66
10326,11/22/2022,1325,Electronics,44,Female,3,101.75,302.2
10327,11/23/2022,1463,Beauty,67,Female,7,425.69,2890.44
10328,11/24/2022,1348,Clothing,45,Female,3,439.57,1186.84
10329,11/25/2022,1770,Electronics,60,Female,1,409.43,315.26
10330,11/26/2022,1659,Clothing,20,Male,4,211.61,821.05
10331,11/27/2022,1763,Electronics,34,Female,5,114.32,457.28
10332,11/28/2022,1954,Electronics,19,Female,7,354.75,2383.92
10333,11/29/2022,1931,Home,42,Female,1,297.95,277.09
10334,11/30/2022,1402,Electronics,64,Female,5,441.37,2074.44
10335,12-01-2022,1345,Clothing,37,Male,1,273.2,267.74
10336,12-02-2022,1962,Clothing,66,Female,3,213.1,492.26
10337,12-03-2022,1510,Electronics,69,Male,6,186.68,940.87
10338,12-04-2022,1146,Beauty,33,Female,4,138.71,393.94
10339,12-05-2022,1147,Electronics,43,Female,3,170.46,496.04
10340,12-06-2022,1863,Electronics,48,Female,4,70.48,267.82
10341,12-07-2022,1710,Electronics,25,Male,7,217.91,1357.58
10342,12-08-2022,1819,Electronics,54,Female,5,36.39,132.82
10343,12-09-2022,1488,Electronics,38,Male,1,124.05,110.4
10344,12-10-2022,1928,Home,30,Female,2,451.86,777.2
10345,12-11-2022,1935,Beauty,45,Female,2,205.4,365.61
10346,12-12-2022,1639,Electronics,52,Male,4,405.92,1574.97
10347,12/13/2022,1550,Home,66,Female,6,434.38,1746.21
10348,12/14/2022,1337,Home,67,Male,6,354.99,1725.25
10349,12/15/2022,1871,Home,22,Female,4,575.84,1658.42
10350,12/16/2022,1640,Clothing,49,Male,3,27.54,63.62
10351,12/17/2022,1778,Electronics,65,Male,2,447.11,733.26
10352,12/18/2022,1987,Electronics,54,Female,3,575.89,1675.84
10353,12/19/2022,1952,Home,63,Female,5,519.43,2025.78
10354,12/20/2022,1472,Home,44,Male,2,113.22,215.12
10355,12/21/2022,1945,Electronics,42,Female,5,206.19,876.31
10356,12/22/2022,1150,Clothing,23,Male,1,115.88,90.39
10357,12/23/2022,1414,Beauty,64,Male,3,366.77,803.23
10358,12/24/2022,1989,Home,54,Male,4,431.63,1312.16
10359,12/25/2022,1297,Beauty,60,Female,2,200.49,304.74
10360,12/26/2022,1610,Home,52,Female,3,330.61,942.24
10361,12/27/2022,1262,Clothing,45,Male,4,419.19,1475.55
10362,12/28/2022,1763,Clothing,56,Male,1,261.48,256.25
10363,12/29/2022,1143,Home,64,Female,2,514.6,771.9
10364,12/30/2022,1345,Electronics,25,Female,5,466.36,1562.31
10365,12/31/2022,1623,Clothing,41,Male,1,52.83,48.08
10366,01-01-2023,1571,Home,69,Male,6,378.36,2202.06
10367,01-02-2023,1880,Electronics,64,Female,4,152.67,506.86
10368,01-03-2023,1001,Home,38,Female,2,341.15,477.61
10369,01-04-2023,1896,Clothing,18,Male,2,574.78,931.14
10370,01-05-2023,1303,Beauty,56,Female,7,529.25,3630.66
10371,01-06-2023,1253,Electronics,66,Female,7,251.64,1162.58
10372,01-07-2023,1651,Electronics,51,Male,1,185.54,131.73
10373,01-08-2023,1452,Clothing,51,Female,2,152.13,289.05
10374,01-09-2023,1036,Electronics,58,Female,4,326.52,888.13
10375,01-10-2023,1159,Home,44,Female,1,81.84,68.75
10376,01-11-2023,1008,Home,46,Female,5,336.33,1463.04
10377,01-12-2023,1232,Electronics,69,Male,1,15.78,13.26
10378,1/13/2023,1098,Clothing,62,Female,1,204.45,145.16
10379,1/14/2023,1658,Clothing,57,Female,5,143.66,553.09
10380,1/15/2023,1815,Clothing,27,Male,6,583.16,3428.98
10381,1/16/2023,1207,Beauty,57,Female,7,440.44,2034.83
10382,1/17/2023,1130,Home,67,Female,4,219.55,834.29
10383,1/18/2023,1403,Home,69,Male,6,69.31,307.74
10384,1/19/2023,1151,Home,49,Female,6,317.33,1485.1
10385,1/20/2023,1053,Clothing,63,Male,6,139.87,780.47
10386,1/21/2023,1119,Beauty,23,Male,7,328.81,2163.57
10387,1/22/2023,1672,Home,58,Female,3,503.69,1057.75
10388,1/23/2023,1919,Home,41,Male,7,375.24,2232.68
10389,1/24/2023,1627,Beauty,21,Female,6,385.77,1782.26
10390,1/25/2023,1586,Electronics,20,Male,3,331.5,815.49
10391,1/26/2023,1624,Home,44,Male,5,557.45,2090.44
10392,1/27/2023,1967,Electronics,30,Female,7,560.16,3254.53
10393,1/28/2023,1419,Electronics,27,Female,4,314.94,1133.78
10394,1/29/2023,1421,Electronics,25,Male,6,193.87,1012
10395,1/30/2023,1103,Beauty,27,Female,2,283.86,397.4
10396,1/31/2023,1851,Beauty,49,Female,5,124.14,521.39
10397,02-01-2023,1253,Home,66,Male,3,387.26,1080.46
10398,02-02-2023,1226,Home,39,Female,7,307.55,1442.41
10399,02-03-2023,1111,Clothing,52,Male,4,75.43,217.24
10400,02-04-2023,1509,Beauty,45,Male,1,130.62,128.01
10401,02-05-2023,1472,Clothing,59,Female,4,295.58,768.51
10402,02-06-2023,1098,Clothing,66,Female,4,534.24,1624.09
10403,02-07-2023,1152,Electronics,53,Female,6,346.34,1953.36
10404,02-08-2023,1860,Home,23,Female,6,413.7,2283.62
10405,02-09-2023,1913,Home,66,Female,7,213.33,1134.92
10406,02-10-2023,1895,Clothing,28,Female,7,349.28,1784.82
10407,02-11-2023,1877,Electronics,57,Male,3,276.72,763.75
10408,02-12-2023,1337,Home,63,Male,7,400.59,2551.76
10409,2/13/2023,1705,Electronics,37,Male,3,44.59,119.06
10410,2/14/2023,1821,Home,52,Male,6,303.58,1438.97
10411,2/15/2023,1162,Beauty,64,Male,6,188.16,1061.22
10412,2/16/2023,1719,Clothing,54,Female,2,205.82,395.17
10413,2/17/2023,1956,Electronics,48,Female,2,577.14,877.25
10414,2/18/2023,1680,Home,61,Male,5,121.88,444.86
10415,2/19/2023,1995,Home,57,Female,6,197.08,969.63
10416,2/20/2023,1160,Clothing,64,Female,1,313.29,272.56
10417,2/21/2023,1579,Beauty,19,Female,2,519.87,883.78
10418,2/22/2023,1800,Electronics,62,Male,3,258.75,667.58
10419,2/23/2023,1397,Clothing,66,Male,4,450.16,1188.42
10420,2/24/2023,1276,Home,69,Female,7,515.98,2636.66
10421,2/25/2023,1815,Beauty,66,Female,7,196.36,1278.3
10422,2/26/2023,1915,Electronics,54,Female,5,244.76,1064.71
10423,2/27/2023,1503,Home,32,Male,2,223.59,362.22
10424,2/28/2023,1895,Clothing,38,Female,4,502.22,1587.02
10425,03-01-2023,1391,Clothing,37,Female,4,40.94,137.56
10426,03-02-2023,1134,Electronics,68,Female,2,195.43,281.42
10427,03-03-2023,1194,Beauty,55,Female,1,412.45,301.09
10428,03-04-2023,1400,Electronics,50,Male,1,345.78,283.54
10429,03-05-2023,1639,Electronics,57,Female,5,270.23,945.8
10430,03-06-2023,1032,Electronics,66,Female,1,330.87,244.84
10431,03-07-2023,1687,Beauty,53,Female,5,130.59,476.65
10432,03-08-2023,1459,Home,41,Female,3,266.97,536.61
10433,03-09-2023,1954,Home,22,Female,2,308.5,561.47
10434,03-10-2023,1882,Electronics,44,Male,4,542.2,1973.61
10435,03-11-2023,1469,Clothing,28,Male,5,167.59,578.19
10436,03-12-2023,1374,Clothing,60,Male,7,522.68,2670.89
10437,3/13/2023,1021,Home,67,Female,1,391.88,266.48
10438,3/14/2023,1749,Beauty,51,Female,7,26.9,184.53
10439,3/15/2023,1669,Electronics,64,Male,5,438.91,1711.75
10440,3/16/2023,1037,Home,64,Male,6,35.8,204.06
10441,3/17/2023,1229,Electronics,56,Female,5,598.47,2453.73
10442,3/18/2023,1364,Clothing,23,Female,1,525.49,499.22
10443,3/19/2023,1562,Electronics,61,Female,6,188.95,1088.35
10444,3/20/2023,1437,Electronics,42,Female,6,165.59,993.54
10445,3/21/2023,1775,Clothing,30,Male,1,238.14,185.75
10446,3/22/2023,1282,Clothing,37,Female,6,223.36,1165.94
10447,3/23/2023,1026,Electronics,55,Female,2,232.82,447.01
10448,3/24/2023,1225,Home,68,Female,4,201.19,716.24
10449,3/25/2023,1276,Clothing,51,Female,7,378.36,2489.61
10450,3/26/2023,1797,Electronics,60,Female,2,111.09,148.86
10451,3/27/2023,1608,Home,52,Female,2,509.9,907.62
10452,3/28/2023,1283,Electronics,64,Male,1,490.26,431.43
10453,3/29/2023,1878,Clothing,61,Female,1,293.74,208.56
10454,3/30/2023,1959,Home,58,Male,7,513.85,2769.65
10455,3/31/2023,1480,Electronics,55,Female,4,159.58,478.74
10456,04-01-2023,1452,Electronics,18,Female,5,25.28,98.59
10457,04-02-2023,1828,Clothing,41,Female,2,377.24,505.5
10458,04-03-2023,1815,Beauty,56,Female,6,282.88,1578.47
10459,04-04-2023,1658,Clothing,69,Female,4,346.79,901.65
10460,04-05-2023,1515,Home,61,Female,2,541.11,768.38
10461,04-06-2023,1546,Clothing,46,Male,5,582.41,2300.52
10462,04-07-2023,1191,Electronics,30,Male,6,386.16,1784.06
10463,04-08-2023,1048,Clothing,58,Female,2,461.97,711.43
10464,04-09-2023,1511,Home,49,Female,3,64.03,188.25
10465,04-10-2023,1016,Electronics,29,Female,7,109.02,702.09
10466,04-11-2023,1171,Electronics,54,Female,4,443.92,1171.95
10467,04-12-2023,1219,Electronics,68,Male,7,267.35,1515.87
10468,4/13/2023,1157,Clothing,66,Male,1,275.89,240.02
10469,4/14/2023,1476,Beauty,39,Male,2,195.54,285.49
10470,4/15/2023,1045,Electronics,64,Male,6,370.3,1821.88
10471,4/16/2023,1372,Clothing,57,Female,6,123.32,739.92
10472,4/17/2023,1517,Electronics,58,Male,4,381.75,1129.98
10473,4/18/2023,1098,Beauty,42,Male,4,116.67,345.34
10474,4/19/2023,1891,Electronics,28,Male,7,52.34,344.4
10475,4/20/2023,1744,Clothing,36,Female,6,208.26,837.21
10476,4/21/2023,1036,Home,66,Female,6,150.22,829.21
10477,4/22/2023,1279,Home,58,Male,6,535.06,2696.7
10478,4/23/2023,1348,Clothing,54,Male,2,47.15,90.53
10479,4/24/2023,1496,Electronics,57,Female,6,118.32,560.84
10480,4/25/2023,1301,Clothing,53,Male,1,336,292.32
10481,4/26/2023,1180,Electronics,54,Male,6,296.42,1565.1
10482,4/27/2023,1606,Electronics,37,Female,1,41.82,29.69
10483,4/28/2023,1098,Clothing,58,Female,2,19.24,38.48
10484,4/29/2023,1699,Electronics,19,Male,4,593.02,1707.9
10485,4/30/2023,1992,Electronics,50,Female,1,400.42,320.34
10486,05-01-2023,1115,Home,50,Female,2,228.76,297.39
10487,05-02-2023,1190,Beauty,59,Female,6,290.2,1375.55
10488,05-03-2023,1252,Clothing,52,Female,2,170.93,335.02
10489,05-04-2023,1980,Electronics,51,Male,6,216.75,1274.49
10490,05-05-2023,1927,Electronics,67,Male,7,394.69,1906.35
10491,05-06-2023,1982,Beauty,55,Male,2,531.44,754.64
10492,05-07-2023,1160,Electronics,49,Female,4,122.72,431.97
10493,05-08-2023,1255,Electronics,51,Male,1,506.61,395.16
10494,05-09-2023,1322,Clothing,37,Female,7,86.11,500.3
10495,05-10-2023,1127,Clothing,66,Female,4,140.77,371.63
10496,05-11-2023,1017,Clothing,57,Female,3,36.75,73.87
10497,05-12-2023,1792,Electronics,53,Male,6,97.37,385.59
10498,5/13/2023,1734,Electronics,40,Male,1,551.62,386.13
10499,5/14/2023,1565,Beauty,61,Female,4,283.77,771.85
10500,5/15/2023,1569,Electronics,22,Male,1,60.43,55.6
10501,5/16/2023,1322,Home,23,Male,3,576.44,1227.82
10502,5/17/2023,1871,Home,63,Male,5,529.21,1984.54
10503,5/18/2023,1685,Clothing,19,Male,6,456.49,1807.7
10504,5/19/2023,1791,Electronics,26,Male,6,561.08,2693.18
10505,5/20/2023,1625,Electronics,35,Female,2,143.78,278.93
10506,5/21/2023,1287,Clothing,27,Male,6,504.28,2390.29
10507,5/22/2023,1942,Beauty,26,Female,6,418.64,1909
10508,5/23/2023,1853,Beauty,23,Female,4,523.81,1927.62
10509,5/24/2023,1662,Electronics,67,Female,7,481.19,2896.76
10510,5/25/2023,1961,Electronics,41,Female,6,217.7,1031.9
10511,5/26/2023,1638,Beauty,35,Male,6,468.02,2443.06
10512,5/27/2023,1154,Home,41,Male,3,168.54,439.89
10513,5/28/2023,1489,Beauty,64,Male,7,207.23,1378.08
10514,5/29/2023,1385,Electronics,36,Male,3,78.12,157.02
10515,5/30/2023,1985,Clothing,50,Female,1,562.02,415.89
10516,5/31/2023,1784,Home,64,Male,1,185.24,185.24
10517,06-01-2023,1103,Home,40,Male,6,319.56,1399.67
10518,06-02-2023,1928,Clothing,64,Male,6,243.93,1083.05
10519,06-03-2023,1392,Electronics,37,Female,2,576.56,1153.12
10520,06-04-2023,1810,Clothing,44,Male,1,211,183.57
10521,06-05-2023,1245,Electronics,26,Male,4,470.45,1486.62
10522,06-06-2023,1175,Clothing,18,Male,6,515.42,2597.72
10523,06-07-2023,1038,Beauty,37,Male,4,269.83,787.9
10524,06-08-2023,1476,Clothing,68,Male,6,236.23,1204.77
10525,06-09-2023,1681,Home,64,Female,4,452.43,1719.23
10526,06-10-2023,1758,Electronics,68,Male,5,549.04,1811.83
10527,06-11-2023,1537,Home,54,Male,4,456.64,1680.44
10528,06-12-2023,1866,Beauty,25,Male,7,147.87,776.32
10529,6/13/2023,1817,Electronics,33,Male,1,534.66,507.93
10530,6/14/2023,1920,Electronics,18,Male,6,241.74,1276.39
10531,6/15/2023,1407,Clothing,19,Female,1,352.09,299.28
10532,6/16/2023,1524,Electronics,67,Male,7,501.39,3264.05
10533,6/17/2023,1827,Home,66,Female,7,125.21,736.23
10534,6/18/2023,1505,Beauty,55,Female,4,473.94,1782.01
10535,6/19/2023,1902,Clothing,51,Female,3,363.76,873.02
10536,6/20/2023,1824,Electronics,37,Male,3,537.6,1241.86
10537,6/21/2023,1035,Clothing,33,Male,7,115.6,793.02
10538,6/22/2023,1684,Home,56,Male,3,261.1,548.31
10539,6/23/2023,1019,Electronics,69,Female,6,502.21,2832.46
10540,6/24/2023,1320,Clothing,57,Male,2,26.25,48.3
10541,6/25/2023,1775,Clothing,19,Male,5,80.64,310.46
10542,6/26/2023,1511,Clothing,43,Male,4,594.48,1997.45
10543,6/27/2023,1399,Electronics,23,Female,2,179.03,297.19
10544,6/28/2023,1653,Home,45,Male,3,585.69,1686.79
10545,6/29/2023,1971,Electronics,48,Female,4,121.78,350.73
10546,6/30/2023,1882,Electronics,52,Male,2,226.24,352.93
10547,07-01-2023,1470,Beauty,46,Female,1,455.43,432.66
10548,07-02-2023,1142,Home,21,Male,3,399.8,1043.48
10549,07-03-2023,1091,Electronics,36,Female,2,354.96,511.14
10550,07-04-2023,1353,Electronics,33,Male,6,324.99,1559.95
10551,07-05-2023,1833,Electronics,54,Male,1,508.41,488.07
10552,07-06-2023,1799,Electronics,50,Male,3,152.44,397.87
10553,07-07-2023,1726,Electronics,51,Female,5,273.85,1259.71
10554,07-08-2023,1958,Electronics,51,Female,7,105.94,608.1
10555,07-09-2023,1853,Clothing,30,Female,3,363.63,763.62
10556,07-10-2023,1050,Home,30,Female,6,161.57,824.01
10557,07-11-2023,1664,Clothing,32,Female,5,210.3,893.78
10558,07-12-2023,1697,Home,32,Female,5,290.68,988.31
10559,7/13/2023,1574,Electronics,63,Male,5,30.66,122.64
10560,7/14/2023,1189,Beauty,54,Male,4,68.78,220.1
10561,7/15/2023,1124,Home,54,Male,4,416.27,1515.22
10562,7/16/2023,1149,Home,64,Male,7,265.95,1470.7
10563,7/17/2023,1313,Home,61,Female,5,520.9,2083.6
10564,7/18/2023,1569,Beauty,51,Male,7,421.38,2536.71
10565,7/19/2023,1341,Clothing,28,Female,1,19.74,12.83
10566,7/20/2023,1304,Electronics,51,Female,5,375.78,1296.44
10567,7/21/2023,1691,Clothing,20,Female,2,69.83,103.35
10568,7/22/2023,1681,Home,33,Male,5,471.85,1910.99
10569,7/23/2023,1837,Home,28,Male,4,595.03,1999.3
10570,7/24/2023,1782,Clothing,57,Male,4,325.75,1224.82
10571,7/25/2023,1053,Electronics,53,Female,2,414.43,737.69
10572,7/26/2023,1443,Clothing,56,Female,2,153.83,224.59
10573,7/27/2023,1612,Beauty,34,Male,3,270.99,682.89
10574,7/28/2023,1992,Clothing,32,Male,1,515.82,355.92
10575,7/29/2023,1263,Clothing,20,Male,1,112.94,107.29
10576,7/30/2023,1052,Electronics,36,Male,1,170.34,139.68
10577,7/31/2023,1571,Clothing,35,Male,6,275.58,1273.18
10578,08-01-2023,1619,Beauty,69,Male,4,431.67,1415.88
10579,08-02-2023,1004,Home,64,Female,1,234.89,162.07
10580,08-03-2023,1102,Home,57,Male,3,557.72,1087.55
10581,08-04-2023,1195,Clothing,34,Male,3,70.26,202.35
10582,08-05-2023,1773,Clothing,42,Female,1,231.92,220.32
10583,08-06-2023,1876,Electronics,39,Female,2,429.74,816.51
10584,08-07-2023,1991,Home,41,Male,3,147.2,335.62
10585,08-08-2023,1883,Clothing,29,Male,7,399,2429.91
10586,08-09-2023,1349,Clothing,35,Female,2,111.07,164.38
10587,08-10-2023,1046,Clothing,45,Male,7,47.75,287.46
10588,08-11-2023,1866,Beauty,57,Male,4,85.79,267.66
10589,08-12-2023,1822,Electronics,50,Male,6,559.04,2448.6
10590,8/13/2023,1935,Home,60,Male,3,337.77,820.78
10591,8/14/2023,1819,Electronics,38,Female,2,480.86,778.99
10592,8/15/2023,1655,Clothing,68,Male,7,209.6,1423.18
10593,8/16/2023,1268,Electronics,26,Male,1,361.71,311.07
10594,8/17/2023,1369,Electronics,64,Female,7,304.55,1726.8
10595,8/18/2023,1635,Clothing,64,Female,7,568.26,3341.37
10596,8/19/2023,1105,Electronics,30,Female,4,452.33,1230.34
10597,8/20/2023,1669,Clothing,25,Male,5,442.37,1504.06
10598,8/21/2023,1658,Beauty,52,Female,5,42.12,149.53
10599,8/22/2023,1656,Electronics,43,Male,1,336.56,292.81
10600,8/23/2023,1119,Home,46,Female,4,288.19,864.57
10601,8/24/2023,1830,Clothing,69,Male,4,557.79,1918.8
10602,8/25/2023,1786,Home,37,Female,4,165.55,609.22
10603,8/26/2023,1603,Electronics,56,Female,4,172.85,608.43
10604,8/27/2023,1057,Electronics,29,Male,5,255.64,1252.64
10605,8/28/2023,1950,Electronics,38,Female,2,157.37,276.97
10606,8/29/2023,1345,Electronics,40,Male,4,90.57,304.32
10607,8/30/2023,1740,Electronics,54,Female,2,516.59,692.23
10608,8/31/2023,1473,Home,59,Male,7,341.59,2128.11
10609,09-01-2023,1116,Beauty,57,Male,7,518.9,2469.96
10610,09-02-2023,1829,Home,30,Male,4,501.21,1844.45
10611,09-03-2023,1790,Home,56,Male,3,179.99,502.17
10612,09-04-2023,1126,Electronics,21,Male,6,335.43,1650.32
10613,09-05-2023,1392,Electronics,57,Female,3,63.68,145.19
10614,09-06-2023,1907,Electronics,45,Female,7,550.42,3775.88
10615,09-07-2023,1640,Electronics,45,Male,6,251.49,1388.22
10616,09-08-2023,1057,Clothing,44,Female,3,245.3,618.16
10617,09-09-2023,1633,Clothing,51,Male,4,192.11,676.23
10618,09-10-2023,1512,Clothing,30,Male,2,284.49,426.74
10619,09-11-2023,1750,Clothing,41,Male,6,162.28,798.42
10620,09-12-2023,1801,Home,19,Female,5,234.29,1101.16
10621,9/13/2023,1095,Home,53,Male,1,482.97,333.25
10622,9/14/2023,1637,Electronics,58,Male,6,503.04,2716.42
10623,9/15/2023,1117,Beauty,27,Female,6,192.95,856.7
10624,9/16/2023,1559,Beauty,37,Male,5,289.37,1056.2
10625,9/17/2023,1600,Electronics,32,Female,4,526.18,1389.12
10626,9/18/2023,1487,Clothing,65,Male,3,45.81,114.07
10627,9/19/2023,1236,Clothing,54,Male,3,535.15,1252.25
10628,9/20/2023,1884,Beauty,20,Female,7,143.22,882.24
10629,9/21/2023,1896,Beauty,44,Male,2,411.95,626.16
10630,9/22/2023,1271,Electronics,66,Male,4,355.79,1195.45
10631,9/23/2023,1188,Clothing,54,Female,5,338.47,1438.5
10632,9/24/2023,1998,Clothing,68,Male,4,517.73,1449.64
10633,9/25/2023,1703,Clothing,48,Female,4,74.42,291.73
10634,9/26/2023,1446,Electronics,56,Male,3,218.01,451.28
10635,9/27/2023,1580,Beauty,57,Male,5,329.88,1154.58
10636,9/28/2023,1789,Home,40,Male,1,489.6,401.47
10637,9/29/2023,1860,Home,67,Male,6,141.62,705.27
10638,9/30/2023,1246,Beauty,33,Female,3,484.71,1265.09
10639,10-01-2023,1962,Home,66,Female,5,248.79,808.57
10640,10-02-2023,1075,Clothing,46,Male,2,125.51,240.98
10641,10-03-2023,1153,Clothing,48,Female,6,459.01,2175.71
10642,10-04-2023,1655,Electronics,42,Male,6,68.18,310.9
10643,10-05-2023,1434,Home,32,Male,3,316.14,635.44
10644,10-06-2023,1996,Electronics,56,Male,7,52.37,267.61
10645,10-07-2023,1085,Home,67,Female,2,223.5,344.19
10646,10-08-2023,1696,Electronics,49,Male,3,366.63,1055.89
10647,10-09-2023,1284,Electronics,30,Male,4,340.33,1184.35
10648,10-10-2023,1973,Electronics,21,Male,7,251.72,1673.94
10649,10-11-2023,1219,Electronics,38,Female,5,265.99,917.67
10650,10-12-2023,1068,Home,27,Male,2,147.66,218.54
10651,10/13/2023,1046,Home,69,Male,6,281.69,1233.8
10652,10/14/2023,1093,Clothing,69,Female,3,572.65,1322.82
10653,10/15/2023,1749,Electronics,67,Female,6,512.51,2521.55
10654,10/16/2023,1957,Electronics,47,Male,2,99.96,189.92
10655,10/17/2023,1452,Electronics,32,Male,6,32.42,171.18
10656,10/18/2023,1203,Electronics,41,Female,3,561.11,1599.16
10657,10/19/2023,1911,Beauty,29,Female,7,323.15,1696.54
10658,10/20/2023,1217,Electronics,65,Male,3,329.64,929.58
10659,10/21/2023,1473,Clothing,48,Female,1,471.72,353.79
10660,10/22/2023,1431,Electronics,68,Male,6,199.09,907.85
10661,10/23/2023,1340,Electronics,42,Female,1,296.92,249.41
10662,10/24/2023,1550,Clothing,60,Male,7,581.67,3868.11
10663,10/25/2023,1611,Clothing,37,Female,1,408.21,363.31
10664,10/26/2023,1288,Electronics,54,Female,6,104.94,560.38
10665,10/27/2023,1253,Electronics,57,Female,2,92.94,139.41
10666,10/28/2023,1733,Clothing,37,Female,4,134.49,516.44
10667,10/29/2023,1356,Electronics,64,Female,7,463.53,2303.74
10668,10/30/2023,1022,Electronics,54,Male,3,187.8,411.28
10669,10/31/2023,1761,Beauty,67,Male,5,27.51,127.92
10670,11-01-2023,1521,Clothing,29,Female,7,567.34,2978.54
10671,11-02-2023,1757,Clothing,68,Female,1,114.28,88
10672,11-03-2023,1836,Clothing,37,Male,2,20.59,30.47
10673,11-04-2023,1099,Clothing,22,Male,6,153.72,857.76
10674,11-05-2023,1801,Clothing,18,Male,2,152.49,286.68
10675,11-06-2023,1179,Home,50,Female,2,261.87,481.84
10676,11-07-2023,1222,Home,51,Male,6,553.43,2888.9
10677,11-08-2023,1905,Electronics,55,Male,5,529.32,1905.55
10678,11-09-2023,1761,Clothing,40,Male,6,282.28,1253.32
10679,11-10-2023,1658,Clothing,65,Male,5,255.38,868.29
10680,11-11-2023,1441,Beauty,57,Female,6,339.68,1997.32
10681,11-12-2023,1607,Clothing,50,Female,1,157.42,157.42
10682,11/13/2023,1768,Clothing,19,Male,5,45.53,173.01
10683,11/14/2023,1324,Electronics,56,Male,1,564.45,508.01
10684,11/15/2023,1515,Clothing,60,Female,7,124.22,765.2
10685,11/16/2023,1015,Electronics,55,Female,5,131.06,530.79
10686,11/17/2023,1791,Electronics,57,Female,5,291.39,1398.67
10687,11/18/2023,1335,Electronics,33,Female,6,302.59,1416.12
10688,11/19/2023,1758,Home,53,Female,5,25.78,114.72
10689,11/20/2023,1257,Electronics,46,Male,1,101.55,79.21
10690,11/21/2023,1496,Clothing,54,Female,7,236.22,1174.01
10691,11/22/2023,1987,Beauty,41,Male,6,414.98,2340.49
10692,11/23/2023,1895,Electronics,68,Male,3,148.62,298.73
10693,11/24/2023,1159,Clothing,57,Male,7,262.46,1488.15
10694,11/25/2023,1474,Clothing,42,Male,7,341.05,1623.4
10695,11/26/2023,1851,Electronics,69,Male,1,534.83,497.39
10696,11/27/2023,1663,Home,61,Male,7,205.75,1137.8
10697,11/28/2023,1907,Electronics,62,Male,3,93.13,240.28
10698,11/29/2023,1689,Clothing,50,Male,2,301.22,439.78
10699,11/30/2023,1674,Clothing,41,Female,6,451.83,2141.67
10700,12-01-2023,1379,Clothing,45,Female,2,79.27,131.59
10701,12-02-2023,1544,Home,44,Male,6,263.44,1074.84
10702,12-03-2023,1928,Electronics,58,Male,7,25.4,154.69
10703,12-04-2023,1956,Electronics,61,Male,6,34.63,191.16
10704,12-05-2023,1690,Home,30,Female,1,297.53,235.05
10705,12-06-2023,1426,Clothing,38,Female,3,189.45,443.31
10706,12-07-2023,1612,Home,49,Female,6,509.39,2597.89
10707,12-08-2023,1267,Home,49,Male,3,367.26,914.48
10708,12-09-2023,1834,Home,50,Male,6,280.55,1110.98
10709,12-10-2023,1576,Clothing,30,Female,3,253.64,563.08
10710,12-11-2023,1416,Electronics,47,Female,2,305.89,587.31
10711,12-12-2023,1167,Home,68,Male,1,38.66,35.95
10712,12/13/2023,1841,Clothing,67,Male,6,537.28,2127.63
10713,12/14/2023,1042,Electronics,19,Male,4,599.01,1797.03
10714,12/15/2023,1555,Beauty,38,Male,3,121.17,247.19
10715,12/16/2023,1284,Beauty,57,Male,3,85.42,228.07
10716,12/17/2023,1396,Clothing,23,Male,4,98.99,293.01
10717,12/18/2023,1011,Electronics,40,Female,1,401.7,301.27
10718,12/19/2023,1606,Clothing,66,Female,3,401.94,1085.24
10719,12/20/2023,1301,Home,51,Male,1,511.04,413.94
10720,12/21/2023,1897,Beauty,60,Male,3,454.82,1064.28
10721,12/22/2023,1252,Electronics,67,Male,7,278.07,1615.59
10722,12/23/2023,1498,Electronics,52,Male,5,373.52,1326
10723,12/24/2023,1753,Beauty,50,Male,7,417.65,2075.72
10724,12/25/2023,1034,Clothing,19,Male,3,314.95,661.39
10725,12/26/2023,1726,Clothing,65,Male,5,293.26,1055.74
10726,12/27/2023,1848,Beauty,36,Female,6,392.38,1954.05
10727,12/28/2023,1089,Electronics,51,Male,1,341.12,296.77
10728,12/29/2023,1775,Clothing,65,Female,3,391.71,834.34
10729,12/30/2023,1604,Electronics,58,Female,2,373.52,620.04
10730,12/31/2023,1921,Clothing,22,Female,2,435.73,793.03
10731,01-01-2024,1969,Home,57,Male,4,391.04,1282.61
10732,01-02-2024,1601,Clothing,67,Female,2,319.05,606.2
10733,01-03-2024,1417,Beauty,44,Male,5,413.85,1572.63
10734,01-04-2024,1114,Clothing,44,Female,2,277.95,489.19
10735,01-05-2024,1616,Electronics,60,Male,2,156.38,284.61
10736,01-06-2024,1902,Electronics,48,Female,2,15.83,21.21
10737,01-07-2024,1195,Clothing,29,Female,3,342.58,750.25
10738,01-08-2024,1825,Clothing,65,Female,4,360.53,1038.33
10739,01-09-2024,1500,Electronics,35,Female,1,583.65,455.25
10740,01-10-2024,1625,Clothing,44,Male,4,226.46,643.15
10741,01-11-2024,1492,Clothing,55,Female,5,245.57,896.33
10742,01-12-2024,1074,Home,42,Female,3,133.05,315.33
10743,1/13/2024,1412,Home,18,Female,6,56.26,222.79
10744,1/14/2024,1375,Home,18,Male,3,467.09,1303.18
10745,1/15/2024,1419,Electronics,44,Female,7,161.06,755.37
10746,1/16/2024,1728,Electronics,66,Female,2,371.21,638.48
10747,1/17/2024,1276,Home,63,Male,2,417.35,684.45
10748,1/18/2024,1760,Clothing,36,Female,5,290.67,1395.22
10749,1/19/2024,1675,Electronics,25,Male,6,527.67,2564.48
10750,1/20/2024,1393,Home,26,Female,7,274.62,1518.65
10751,1/21/2024,1868,Home,49,Male,3,181.67,354.26
10752,1/22/2024,1456,Clothing,57,Male,6,539.17,2135.11
10753,1/23/2024,1919,Electronics,66,Female,1,519.02,342.55
10754,1/24/2024,1191,Home,49,Female,4,110.96,390.58
10755,1/25/2024,1738,Clothing,40,Female,3,30.19,58.87
10756,1/26/2024,1688,Home,53,Female,6,67.64,340.91
10757,1/27/2024,1098,Home,46,Female,1,182.63,127.84
10758,1/28/2024,1547,Home,20,Female,1,583.77,537.07
10759,1/29/2024,1977,Clothing,55,Female,7,341.73,1961.53
10760,1/30/2024,1998,Electronics,25,Female,7,233.36,1078.12
10761,1/31/2024,1095,Home,41,Female,4,534.9,1433.53
10762,02-01-2024,1663,Clothing,26,Female,1,280.08,212.86
10763,02-02-2024,1662,Home,23,Female,5,199.41,717.88
10764,02-03-2024,1189,Electronics,66,Male,1,565.61,531.67
10765,02-04-2024,1735,Electronics,60,Female,6,511.97,2303.87
10766,02-05-2024,1036,Beauty,20,Male,7,508.55,2776.68
10767,02-06-2024,1779,Home,51,Female,5,314.69,1526.25
10768,02-07-2024,1368,Beauty,35,Female,7,476.82,3204.23
10769,02-08-2024,1694,Home,40,Male,7,119.92,805.86
10770,02-09-2024,1524,Clothing,54,Male,7,350.34,1839.28
10771,02-10-2024,1278,Home,58,Female,1,590.55,561.02
10772,02-11-2024,1216,Beauty,26,Male,2,185.21,311.15
10773,02-12-2024,1866,Clothing,43,Female,1,479.7,422.14
10774,2/13/2024,1872,Clothing,69,Male,7,301.93,1711.94
10775,2/14/2024,1797,Electronics,61,Male,5,38.29,143.59
10776,2/15/2024,1272,Clothing,61,Female,1,461.37,350.64
10777,2/16/2024,1880,Home,67,Female,7,113.61,652.12
10778,2/17/2024,1061,Electronics,38,Female,7,384.41,2260.33
10779,2/18/2024,1595,Electronics,69,Male,1,65.11,55.99
10780,2/19/2024,1879,Electronics,51,Male,1,568.92,398.24
10781,2/20/2024,1728,Electronics,30,Male,5,185.66,816.9
10782,2/21/2024,1341,Electronics,33,Male,1,147.48,134.21
10783,2/22/2024,1396,Clothing,44,Female,4,90.54,268
10784,2/23/2024,1698,Beauty,66,Male,6,568.41,2967.1
10785,2/24/2024,1018,Clothing,65,Female,4,431.46,1208.09
10786,2/25/2024,1176,Electronics,46,Female,5,448.87,1997.47
10787,2/26/2024,1611,Electronics,65,Male,2,307.15,460.72
10788,2/27/2024,1395,Home,68,Male,4,292.72,1147.46
10789,2/28/2024,1444,Clothing,20,Female,7,79.36,483.3
10790,2/29/2024,1232,Home,66,Male,6,342.51,1808.45
10791,03-01-2024,1914,Home,26,Male,3,159.45,339.63
10792,03-02-2024,1075,Home,66,Male,6,586.63,2323.05
10793,03-03-2024,1264,Electronics,29,Female,4,481,1616.16
10794,03-04-2024,1454,Home,51,Female,3,256.6,546.56
10795,03-05-2024,1795,Electronics,45,Male,5,103.53,393.41
10796,03-06-2024,1717,Beauty,27,Female,6,474.42,1878.7
10797,03-07-2024,1734,Clothing,40,Female,2,86.4,124.42
10798,03-08-2024,1383,Electronics,50,Male,3,125.76,365.96
10799,03-09-2024,1563,Electronics,54,Male,3,138.74,312.17
10800,03-10-2024,1850,Electronics,59,Male,6,340.78,1656.19
10801,03-11-2024,1505,Home,50,Female,4,475.43,1882.7
10802,03-12-2024,1366,Electronics,53,Male,3,198.87,542.92
10803,3/13/2024,1143,Clothing,55,Male,5,64.53,219.4
10804,3/14/2024,1884,Electronics,43,Female,6,286.76,1169.98
10805,3/15/2024,1068,Home,45,Male,5,452.64,1629.5
10806,3/16/2024,1098,Home,32,Male,6,144.67,572.89
10807,3/17/2024,1395,Home,35,Female,5,143.66,517.18
10808,3/18/2024,1024,Home,33,Male,4,569.13,2276.52
10809,3/19/2024,1947,Electronics,36,Female,6,573.18,3095.17
10810,3/20/2024,1890,Electronics,38,Female,7,594.42,4119.33
10811,3/21/2024,1468,Home,64,Male,2,487.48,945.71
10812,3/22/2024,1483,Clothing,66,Male,4,125.09,460.33
10813,3/23/2024,1564,Clothing,20,Male,5,139.01,569.94
10814,3/24/2024,1150,Electronics,69,Female,6,214.03,898.93
10815,3/25/2024,1143,Electronics,37,Female,4,201.11,563.11
10816,3/26/2024,1568,Electronics,32,Male,5,574.57,2240.82
10817,3/27/2024,1038,Beauty,51,Male,1,476.61,324.09
10818,3/28/2024,1108,Electronics,58,Female,1,438.55,359.61
10819,3/29/2024,1692,Clothing,37,Female,3,123.79,256.25
10820,3/30/2024,1041,Electronics,55,Male,2,547.07,919.08
10821,3/31/2024,1185,Home,35,Female,1,499.3,449.37
10822,04-01-2024,1934,Electronics,60,Female,7,110.73,527.07
10823,04-02-2024,1397,Beauty,43,Male,5,524.63,2255.91
10824,04-03-2024,1222,Beauty,26,Female,4,174.26,571.57
10825,04-04-2024,1633,Electronics,51,Male,6,62.31,329
10826,04-05-2024,1132,Beauty,65,Male,4,399.24,1229.66
10827,04-06-2024,1162,Beauty,24,Male,3,397.48,775.09
10828,04-07-2024,1214,Home,57,Male,4,70.54,279.34
10829,04-08-2024,1732,Home,52,Male,1,201.53,139.06
10830,04-09-2024,1234,Electronics,59,Male,4,595.8,2383.2
10831,04-10-2024,1842,Clothing,66,Male,1,411.88,358.34
10832,04-11-2024,1657,Electronics,23,Male,1,442.09,415.56
10833,04-12-2024,1750,Electronics,52,Female,2,139.56,203.76
10834,4/13/2024,1587,Beauty,56,Female,3,61.09,179.6
10835,4/14/2024,1008,Electronics,23,Male,7,176.99,1003.53
10836,4/15/2024,1073,Home,56,Female,7,160.61,1011.84
10837,4/16/2024,1953,Home,65,Male,5,152.21,723
10838,4/17/2024,1491,Beauty,52,Male,7,127.76,652.85
10839,4/18/2024,1912,Beauty,44,Female,1,351.23,323.13
10840,4/19/2024,1252,Electronics,19,Female,6,206.94,1142.31
10841,4/20/2024,1229,Electronics,40,Male,3,494.9,1336.23
10842,4/21/2024,1518,Clothing,44,Male,5,122.61,484.31
10843,4/22/2024,1173,Electronics,69,Male,7,286.81,1545.91
10844,4/23/2024,1652,Electronics,27,Female,7,22.99,159.32
10845,4/24/2024,1167,Clothing,41,Female,6,296.78,1638.23
10846,4/25/2024,1169,Home,45,Female,4,47.67,162.08
10847,4/26/2024,1392,Clothing,63,Male,3,586.97,1549.6
10848,4/27/2024,1945,Electronics,66,Male,6,477.5,1976.85
10849,4/28/2024,1794,Home,37,Female,7,301.72,1520.67
10850,4/29/2024,1633,Electronics,39,Male,3,65.65,153.62
10851,4/30/2024,1193,Electronics,31,Female,3,361.58,954.57
10852,05-01-2024,1516,Home,33,Female,7,458.88,2409.12
10853,05-02-2024,1028,Clothing,68,Male,4,126.57,354.4
10854,05-03-2024,1164,Home,35,Female,4,347.4,1097.78
10855,05-04-2024,1421,Electronics,22,Male,7,491.31,2510.59
10856,05-05-2024,1338,Home,68,Female,3,464.42,1031.01
10857,05-06-2024,1647,Clothing,38,Male,6,484.75,2326.8
10858,05-07-2024,1495,Clothing,53,Female,2,529.4,942.33
10859,05-08-2024,1364,Clothing,38,Female,1,563.54,417.02
10860,05-09-2024,1832,Beauty,26,Male,4,252.23,938.3
10861,05-10-2024,1341,Clothing,35,Male,7,347.73,1776.9
10862,05-11-2024,1499,Clothing,38,Female,2,477.54,687.66
10863,05-12-2024,1656,Beauty,45,Female,4,422.83,1200.84
10864,5/13/2024,1510,Home,42,Male,3,597.38,1487.48
10865,5/14/2024,1326,Clothing,40,Male,7,23,149.73
10866,5/15/2024,1216,Home,30,Male,2,222.75,432.14
10867,5/16/2024,1300,Clothing,20,Male,7,179.4,929.29
10868,5/17/2024,1131,Electronics,18,Female,6,168.45,697.38
10869,5/18/2024,1803,Clothing,35,Female,6,145.18,670.73
10870,5/19/2024,1069,Beauty,35,Male,5,429.84,2041.74
10871,5/20/2024,1251,Beauty,38,Female,1,64.58,43.27
10872,5/21/2024,1414,Electronics,50,Male,1,448.84,291.75
10873,5/22/2024,1786,Clothing,18,Male,4,420.65,1430.21
10874,5/23/2024,1444,Electronics,25,Female,1,161.72,127.76
10875,5/24/2024,1875,Beauty,58,Male,7,162.91,832.47
10876,5/25/2024,1181,Beauty,21,Male,7,382.88,1983.32
10877,5/26/2024,1166,Clothing,57,Male,5,460.87,1520.87
10878,5/27/2024,1090,Home,26,Male,6,527.74,3039.78
10879,5/28/2024,1713,Home,20,Male,2,513.5,821.6
10880,5/29/2024,1857,Clothing,35,Female,2,579.46,880.78
10881,5/30/2024,1530,Electronics,21,Female,6,355.11,1470.16
10882,5/31/2024,1038,Clothing,26,Male,3,546.56,1131.38
10883,06-01-2024,1125,Home,49,Female,6,487.98,1932.4
10884,06-02-2024,1450,Home,23,Female,2,538.38,882.94
10885,06-03-2024,1172,Clothing,68,Male,4,21.8,61.91
10886,06-04-2024,1652,Beauty,58,Male,5,580.05,2465.21
10887,06-05-2024,1753,Electronics,26,Female,6,292.02,1489.3
10888,06-06-2024,1219,Clothing,53,Male,3,481.94,1315.7
10889,06-07-2024,1637,Home,21,Female,4,89.41,253.92
10890,06-08-2024,1057,Home,37,Male,6,246.63,961.86
10891,06-09-2024,1659,Clothing,67,Male,4,173.8,632.63
10892,06-10-2024,1475,Electronics,26,Female,6,185.62,1091.45
10893,06-11-2024,1455,Electronics,34,Male,4,87.1,247.36
10894,06-12-2024,1828,Clothing,53,Female,7,486.37,2655.58
10895,6/13/2024,1894,Clothing,40,Female,1,20.41,13.47
10896,6/14/2024,1360,Electronics,53,Male,4,197.82,720.06
10897,6/15/2024,1934,Home,66,Male,7,117.03,802.83
10898,6/16/2024,1000,Clothing,68,Male,1,359.59,298.46
10899,6/17/2024,1386,Home,54,Female,2,163.74,317.66
10900,6/18/2024,1972,Home,37,Male,1,166.51,151.52
10901,6/19/2024,1347,Electronics,25,Female,4,300.68,1154.61
10902,6/20/2024,1189,Electronics,58,Male,5,396.82,1825.37
10903,6/21/2024,1504,Home,58,Female,5,85.96,412.61
10904,6/22/2024,1190,Clothing,32,Male,2,117.67,157.68
10905,6/23/2024,1507,Home,67,Male,4,159.6,574.56
10906,6/24/2024,1368,Home,66,Male,1,584.64,491.1
10907,6/25/2024,1408,Home,38,Male,5,247.33,853.29
10908,6/26/2024,1823,Beauty,63,Male,6,365.41,1666.27
10909,6/27/2024,1928,Clothing,62,Male,3,156.3,365.74
10910,6/28/2024,1933,Clothing,50,Female,4,301.92,905.76
10911,6/29/2024,1116,Clothing,23,Male,7,58.36,290.05
10912,6/30/2024,1133,Electronics,66,Male,7,35.32,170.6
10913,07-01-2024,1057,Clothing,21,Male,6,289.21,1353.5
10914,07-02-2024,1555,Electronics,49,Female,6,248.22,1027.63
10915,07-03-2024,1684,Beauty,18,Female,4,95.07,308.03
10916,07-04-2024,1671,Clothing,29,Female,3,417.25,1126.58
10917,07-05-2024,1172,Clothing,25,Female,5,595.85,2055.68
10918,07-06-2024,1828,Clothing,35,Male,3,246.45,598.87
10919,07-07-2024,1814,Electronics,18,Female,2,380.37,517.3
10920,07-08-2024,1148,Electronics,44,Female,1,578.34,572.56
10921,07-09-2024,1079,Clothing,69,Male,1,501.45,431.25
10922,07-10-2024,1885,Electronics,65,Male,6,286.18,1150.44
10923,07-11-2024,1212,Clothing,59,Female,5,446.43,2031.26
10924,07-12-2024,1202,Beauty,66,Female,3,89.96,180.82
10925,7/13/2024,1763,Beauty,65,Male,6,314.58,1264.61
10926,7/14/2024,1228,Home,41,Male,4,178.25,491.97
10927,7/15/2024,1675,Electronics,31,Male,6,109.28,524.54
10928,7/16/2024,1226,Beauty,59,Male,4,264.37,814.26
10929,7/17/2024,1658,Beauty,49,Female,4,91.64,256.59
10930,7/18/2024,1531,Electronics,27,Female,2,423.91,618.91
10931,7/19/2024,1440,Home,65,Female,2,281.9,439.76
10932,7/20/2024,1401,Electronics,67,Male,4,325.72,859.9
10933,7/21/2024,1046,Home,54,Male,5,100.63,382.39
10934,7/22/2024,1232,Beauty,67,Female,2,96.77,127.74
10935,7/23/2024,1304,Electronics,36,Male,2,356.3,698.35
10936,7/24/2024,1525,Beauty,44,Male,1,591.23,561.67
10937,7/25/2024,1142,Clothing,40,Female,6,71.31,359.4
10938,7/26/2024,1414,Beauty,50,Male,1,182.15,158.47
10939,7/27/2024,1512,Clothing,30,Male,5,523.63,1911.25
10940,7/28/2024,1372,Home,56,Male,2,57.28,107.69
10941,7/29/2024,1565,Electronics,66,Female,7,527.39,2436.54
10942,7/30/2024,1885,Electronics,39,Female,2,321.71,572.64
10943,7/31/2024,1258,Electronics,47,Female,3,253.84,647.29
10944,08-01-2024,1655,Beauty,46,Male,5,196.16,882.72
10945,08-02-2024,1470,Home,66,Female,7,188.81,1057.34
10946,08-03-2024,1952,Beauty,50,Male,6,193.89,1140.07
10947,08-04-2024,1970,Beauty,65,Male,6,532.61,3035.88
10948,08-05-2024,1011,Electronics,19,Female,7,438.42,2271.02
10949,08-06-2024,1329,Clothing,39,Male,6,406.79,2269.89
10950,08-07-2024,1735,Electronics,21,Male,7,482.27,3105.82
10951,08-08-2024,1783,Electronics,37,Female,5,165.41,595.48
10952,08-09-2024,1967,Electronics,64,Male,7,376.56,2556.84
10953,08-10-2024,1357,Clothing,42,Male,7,284.14,1690.63
10954,08-11-2024,1971,Electronics,29,Male,3,472.73,1404.01
10955,08-12-2024,1407,Electronics,45,Male,3,195.91,517.2
10956,8/13/2024,1667,Electronics,38,Male,1,391.26,297.36
10957,8/14/2024,1372,Electronics,39,Male,5,531.09,2575.79
10958,8/15/2024,1007,Beauty,63,Male,5,250.26,863.4
10959,8/16/2024,1121,Home,52,Female,3,53.97,110.1
10960,8/17/2024,1347,Beauty,66,Male,4,316.89,1216.86
10961,8/18/2024,1675,Clothing,63,Male,4,217.39,565.21
10962,8/19/2024,1089,Electronics,20,Male,1,408.25,367.42
10963,8/20/2024,1647,Home,55,Male,4,571.35,2216.84
10964,8/21/2024,1697,Electronics,56,Male,4,299.08,1196.32
10965,8/22/2024,1315,Electronics,22,Male,4,287.72,989.76
10966,8/23/2024,1177,Electronics,46,Male,2,397.93,620.77
10967,8/24/2024,1539,Electronics,67,Female,1,75.55,66.48
10968,8/25/2024,1731,Electronics,67,Female,3,163.3,347.83
10969,8/26/2024,1868,Clothing,44,Female,4,552.6,1657.8
10970,8/27/2024,1040,Home,57,Male,6,406.92,2148.54
10971,8/28/2024,1739,Electronics,38,Male,7,22.86,118.41
10972,8/29/2024,1703,Electronics,58,Female,2,134.71,180.51
10973,8/30/2024,1922,Home,64,Male,4,414.46,1608.1
10974,8/31/2024,1501,Electronics,67,Male,7,462.17,2879.32
10975,09-01-2024,1958,Electronics,39,Male,7,506.32,2977.16
10976,09-02-2024,1144,Beauty,51,Male,2,185.92,308.63
10977,09-03-2024,1200,Electronics,55,Female,1,559.65,453.32
10978,09-04-2024,1928,Electronics,50,Female,6,338.47,1807.43
10979,09-05-2024,1723,Clothing,26,Male,6,422.48,1951.86
10980,09-06-2024,1460,Electronics,66,Female,6,364.09,1682.1
10981,09-07-2024,1731,Clothing,39,Female,4,86.8,277.76
10982,09-08-2024,1751,Home,47,Male,2,578.42,1110.57
10983,09-09-2024,1924,Electronics,34,Male,6,86.88,432.66
10984,09-10-2024,1908,Clothing,35,Male,7,164.11,1010.92
10985,09-11-2024,1557,Clothing,43,Male,7,490.97,2852.54
10986,09-12-2024,1546,Electronics,64,Female,5,376.88,1281.39
10987,9/13/2024,1252,Clothing,40,Female,5,505.32,2097.08
10988,9/14/2024,1389,Electronics,54,Female,2,316.71,633.42
10989,9/15/2024,1593,Clothing,58,Female,4,235.54,800.84
10990,9/16/2024,1882,Electronics,52,Male,4,554.28,1574.16
10991,9/17/2024,1255,Clothing,45,Female,1,36.21,26.43
10992,9/18/2024,1708,Electronics,18,Male,1,515.84,422.99
10993,9/19/2024,1814,Home,32,Male,6,150.03,819.16
10994,9/20/2024,1920,Electronics,68,Female,3,511.51,1289.01
10995,9/21/2024,1449,Clothing,26,Male,7,96.43,540.01
10996,9/22/2024,1009,Clothing,49,Female,1,354.43,230.38
10997,9/23/2024,1823,Home,47,Male,4,534.54,1646.38
10998,9/24/2024,1797,Clothing,46,Female,7,292.02,1553.55
10999,9/25/2024,1241,Home,29,Female,3,451.74,1124.83
11000,9/26/2024,1250,Home,29,Male,1,485.73,427.44
